amfi_code,scheme_name,fund_house,sub_category,plan,expense_ratio_pct,cagr_3yr_pct,sharpe_ratio,alpha_pct,beta,max_drawdown_pct,rank_3yr_return,rank_sharpe,rank_alpha,rank_expense,rank_maxdd,fund_score,overall_rank
148567,Mirae Asset Large Cap Fund - Regular - Growth,Mirae Asset MF,Large Cap,Regular,1.46,33.991970400445304,1.0682238272314732,26.98375144191807,0.023683558075848623,-11.265729075028275,97.5,100.0,85.0,42.50000000000001,82.5,85.88,1
120505,ICICI Pru Midcap Fund - Regular - Growth,ICICI Prudential MF,Mid Cap,Regular,1.36,31.769242852237323,0.883255618469884,29.26358334175106,0.000549004250631712,-18.188513572116292,90.0,92.5,95.0,62.5,40.0,82.5,2
120843,Kotak Flexicap Fund - Regular - Growth,Kotak Mahindra MF,Flexi Cap,Regular,1.45,29.57511058901836,0.9655606517440118,27.330465038306055,-0.02282956979242654,-12.97396816518679,85.0,97.5,90.0,44.99999999999999,70.0,81.62,3
100033,HDFC Mid-Cap Opportunities Fund - Regular - Growth,HDFC Mutual Fund,Mid Cap,Regular,1.38,32.43397122906222,0.8082678003905592,27.19535450128533,0.0051035258305283104,-16.217208574644847,92.5,85.0,87.5,57.49999999999999,52.5,80.38,4
120504,ICICI Pru Bluechip Fund - Direct - Growth,ICICI Prudential MF,Large Cap,Direct,0.8,32.478927222623,0.7146822636441238,21.19482701352573,0.016232169761417007,-12.588275606922517,95.0,75.0,70.0,70.0,72.5,79.0,5
119094,Axis Midcap Fund - Regular - Growth,Axis Mutual Fund,Mid Cap,Regular,1.38,35.10252788903541,0.7305467735561727,26.07666908004223,-0.06626542862803757,-20.960883862039193,100.0,80.0,80.0,57.49999999999999,32.5,77.88,6
119551,SBI Bluechip Fund - Regular Plan - Growth,SBI Mutual Fund,Large Cap,Regular,1.54,30.448613060027817,0.8609773262277756,23.201007160635083,-0.03175144113890972,-15.012385498645331,87.5,90.0,77.5,23.750000000000004,60.0,73.81,7
148569,Mirae Asset Tax Saver Fund - Regular - Growth,Mirae Asset MF,ELSS,Regular,1.6,29.17135767741186,0.919046535635828,28.27036785246582,0.018133884083859245,-16.39674294693263,82.5,95.0,92.5,8.750000000000002,50.0,73.31,8
119598,SBI Small Cap Fund - Regular Plan - Growth,SBI Mutual Fund,Small Cap,Regular,1.43,26.66309129954312,0.7116901743847245,30.336965386983323,-0.023196062044059693,-28.706005721764548,72.5,70.0,100.0,47.5,12.5,67.62,9
101206,ABSL Frontline Equity Fund - Regular - Growth,Aditya Birla Sun Life MF,Large Cap,Regular,1.6,28.960211096593724,0.717408995989017,21.399784776051213,0.02108631625012803,-11.291596329323072,80.0,77.5,72.5,8.750000000000002,80.0,67.19,10
149324,DSP Small Cap Fund - Regular - Growth,DSP Mutual Fund,Small Cap,Regular,1.52,26.99350260734621,0.7144216579881013,30.05787817097677,0.011455159960520708,-31.171900300634213,77.5,72.5,97.5,33.75,10.0,66.94,11
149323,DSP Midcap Fund - Regular - Growth,DSP Mutual Fund,Mid Cap,Regular,1.61,26.863103668817146,0.8328852279505966,26.598577542043046,-0.002523004664699247,-17.24810575345138,75.0,87.5,82.5,5.000000000000004,47.5,66.38,12
118632,Nippon India Large Cap Fund - Regular - Growth,Nippon India MF,Large Cap,Regular,1.51,22.646647456747715,0.7588510310771438,21.829397904608644,-0.008353832126962021,-17.41407508665723,67.5,82.5,75.0,38.74999999999999,45.0,66.19,13
119552,SBI Bluechip Fund - Direct Plan - Growth,SBI Mutual Fund,Large Cap,Direct,0.66,16.263375081360643,0.6482414723266905,19.86859936686296,-0.026159307513513405,-11.803493502764296,45.0,67.5,65.0,90.0,75.0,64.38,14
125497,HDFC Top 100 Fund - Direct Plan - Growth,HDFC Mutual Fund,Large Cap,Direct,0.92,18.429918008610045,0.5062729716095954,17.729754927531765,0.04882040425957739,-15.200013055606398,55.00000000000001,57.49999999999999,62.5,65.0,57.49999999999999,58.88,15
118633,Nippon India Large Cap Fund - Direct - Growth,Nippon India MF,Large Cap,Direct,0.72,21.084691029380597,0.3888288460001742,15.643835948169668,-0.03663900671860934,-18.62974313859551,65.0,50.0,47.5,86.25,37.5,58.19,16
118635,Nippon India ETF Nifty 50 BeES,Nippon India MF,Index/ETF,Direct,0.89,20.00321571698329,0.3931881969124055,15.136354648239239,-0.001433521389780133,-11.650624505409091,60.0,52.5,45.0,67.5,77.5,58.0,17
102885,UTI Nifty 50 Index Fund - Regular - Growth,UTI Mutual Fund,Index,Regular,1.57,19.662361245910965,0.5197971450361778,17.048756803412697,-0.019486785689474526,-10.85986215250232,57.49999999999999,62.5,55.00000000000001,15.000000000000002,85.0,54.62,18
120503,ICICI Pru Bluechip Fund - Regular - Growth,ICICI Prudential MF,Large Cap,Regular,1.42,13.974980348212673,0.5165503915082101,17.703302365844074,-0.0402689523698206,-13.897862823061635,40.0,60.0,60.0,50.0,67.5,53.25,19
148568,Mirae Asset Emerging Bluechip Fund - Regular - Growth,Mirae Asset MF,Large & Mid Cap,Regular,1.52,14.744434832760533,0.6406730942266641,20.873010086942337,-0.026387719943843004,-15.27259422823477,42.5,65.0,67.5,33.75,55.00000000000001,53.06,20
120506,ICICI Pru Value Discovery Fund - Regular - Growth,ICICI Prudential MF,Value,Regular,1.41,18.417429266835228,0.40461547832920475,16.25385327998104,0.04189646272811977,-19.82565826298267,52.5,55.00000000000001,52.5,52.5,35.0,51.38,21
119093,Axis Bluechip Fund - Direct - Growth,Axis Mutual Fund,Large Cap,Direct,0.75,20.8115598266319,-0.04707325681075906,8.232801295222094,0.02588321244009315,-21.751396370148225,62.5,32.5,32.5,80.0,25.0,47.88,22
102887,UTI Flexi Cap Fund - Regular - Growth,UTI Mutual Fund,Flexi Cap,Regular,1.64,25.549670172502026,0.38463733450338444,16.211256794033254,0.016682689437770827,-21.539827112383225,70.0,47.5,50.0,1.2499999999999956,27.500000000000004,45.81,23
149322,DSP Top 100 Equity Fund - Regular - Growth,DSP Mutual Fund,Large Cap,Regular,1.54,18.03973982038829,0.23966336777285166,13.173190226099432,-0.004050271130006534,-14.844576917771747,50.0,40.0,42.5,23.750000000000004,62.5,43.31,24
125498,HDFC Mid-Cap Opportunities Fund - Direct - Growth,HDFC Mutual Fund,Mid Cap,Direct,0.78,11.242518737374208,0.1347978410610396,11.98910097121797,0.009054412621739154,-21.11727956013212,37.5,37.5,37.5,75.0,30.0,42.38,25
118634,Nippon India Small Cap Fund - Regular - Growth,Nippon India MF,Small Cap,Regular,1.53,8.0060298597036,0.292343251010993,17.50072167561127,0.1034966369133759,-23.34488614483311,35.0,45.0,57.49999999999999,28.749999999999996,22.5,39.81,26
120841,Kotak Bluechip Fund - Regular - Growth,Kotak Mahindra MF,Large Cap,Regular,1.59,17.263014444437943,0.25511741256223125,13.042924450705446,0.036356399022199795,-17.57361416468729,47.5,42.5,40.0,12.5,42.5,39.0,27
120507,ICICI Pru Liquid Fund - Regular - Growth,ICICI Prudential MF,Liquid,Regular,0.74,7.392538786263403,-3.650183878568478,6.746210411099539,-0.0004440926329707234,-0.09773140045925555,30.0,7.5,25.0,82.5,100.0,38.25,28
120844,Kotak Liquid Fund - Regular - Growth,Kotak Mahindra MF,Liquid,Regular,0.6,6.694394239074852,-4.000348969233408,6.4556774953759986,-0.00040074423947840013,-0.11629327956168556,27.500000000000004,5.0,22.5,92.5,97.5,37.62,29
118636,Nippon India Gilt Securities Fund - Regular - Growth,Nippon India MF,Gilt,Regular,0.55,4.061259859840338,-0.8505789759662293,5.074772999976104,0.0012566742731558458,-8.316361763638703,20.0,12.5,15.0,97.5,87.5,35.5,30
119120,SBI Magnum Gilt Fund - Regular Plan - Growth,SBI Mutual Fund,Gilt,Regular,0.77,5.838988442093762,-0.7430986305648408,5.620895216638369,-0.006413850728276477,-4.328728923970093,22.5,15.0,17.5,77.5,90.0,34.62,31
100025,HDFC Short Term Debt Fund - Regular - Growth,HDFC Mutual Fund,Short Duration,Regular,0.56,3.9154793546847033,-1.0399413574427754,4.281792031506088,0.0011582183155281463,-4.308263824636349,17.5,10.0,7.5,95.0,92.5,32.75,32
101208,ABSL Liquid Fund - Regular - Growth,Aditya Birla Sun Life MF,Liquid,Regular,0.79,6.314299292105274,-4.650400707150913,6.086145795787115,0.00026670968338238433,-0.16224980244717857,25.0,2.5,20.0,72.5,95.0,32.5,33
120842,Kotak Emerging Equity Fund - Regular - Growth,Kotak Mahindra MF,Mid Cap,Regular,1.56,7.75416750547262,-0.05816681141492252,7.80443887615508,0.01805687420811816,-24.003511326274886,32.5,30.0,30.0,17.500000000000004,20.0,27.88,34
119599,SBI Small Cap Fund - Direct Plan - Growth,SBI Mutual Fund,Small Cap,Direct,0.72,-1.337083602283895,-0.13617811182970374,4.882421594553985,0.06200180438267168,-52.57422117012851,7.5,25.0,12.5,86.25,2.5,24.19,35
119092,Axis Bluechip Fund - Regular - Growth,Axis Mutual Fund,Large Cap,Regular,1.64,0.5257668501786883,-0.13100916883965183,6.899529821677549,0.009730745001153637,-14.401617909337261,12.5,27.500000000000004,27.500000000000004,1.2499999999999956,65.0,22.81,36
101207,ABSL Small Cap Fund - Regular - Growth,Aditya Birla Sun Life MF,Small Cap,Regular,1.53,-4.151453816140693,0.05261813647585507,10.897091901704538,-0.06528924788351524,-35.44691649336603,5.0,35.0,35.0,28.749999999999996,7.5,22.31,37
119095,Axis Small Cap Fund - Regular - Growth,Axis Mutual Fund,Small Cap,Regular,1.38,-11.703299329834216,-0.1516581586164415,4.801595363775955,-0.066951174639292,-51.677753708526566,2.5,22.5,10.0,57.49999999999999,5.0,17.5,38
102886,UTI Mid Cap Fund - Regular - Growth,UTI Mutual Fund,Mid Cap,Regular,1.51,-0.7672319440258146,-0.29488891285108904,2.8969397866379443,-0.04212502902189432,-28.00112356639287,10.0,20.0,2.5,38.74999999999999,15.0,15.81,39
100016,HDFC Top 100 Fund - Regular Plan - Growth,HDFC Mutual Fund,Large Cap,Regular,1.55,1.2923525892154508,-0.32101926049954294,3.747580763443281,-0.0582684314388089,-24.734440880673304,15.0,17.5,5.0,19.999999999999996,17.5,14.62,40
